<Chroma>
  <English>
    <Message Name="Exit" Value="Do you want to exit?" />
    <Message Name="APServerFail" Value="AP Server Fail!" />
    <Message Name="PasswordError" Value="Password Error!" />
    <Message Name="PasswordEmpty" Value="Password Empty!" />
    <Message Name="NewPasswordError" Value="New Password Error!" />
    <Message Name="UserNotFound" Value="Account Not Found!" />
    <Message Name="DatabaseError" Value="Database NG!" />
    <Message Name="FileNotFound" Value="File not found!" />
    <Message Name="ChangeSucceed" Value="Change Password OK." />
    <Message Name="DeleteData" Value="Do you want to delete this data?" />
    <Message Name="NewPasswordEmpty" Value="New Password Empty!" />
    <Message Name="FullScreenCoverage" Value="Full Screen Coverage" />
    <Message Name="Maximized" Value="Maximized" />
    <Message Name="Normal" Value="Normal" />
  </English>
  <繁體中文>
    <Message Name="Home" Value="目錄" />
    <Message Name="Application is already running" Value="程式已在執行" />
    <Message Name="System closing" Value="確認關閉系統" />
    <Message Name="Confirm close System" Value="確認關閉系統" />
    <Message Name="Opened Apps" Value="已經開啟的程式" />
    <Message Name="Show Opened Applications" Value="顯示目前已經開啟的程式" />
    <Message Name="Close Active Application" Value="關閉目前程式" />
    <Message Name="FontSize" Value="字體大小" />
    <Message Name="Change FontSize" Value="改變目前程式字體大小" />
    <Message Name="L" Value="大" />
    <Message Name="D" Value="預" />
    <Message Name="M" Value="中" />
    <Message Name="S" Value="小" />
    <Message Name="Large" Value="大字" />
    <Message Name="Medium" Value="中字" />
    <Message Name="Default" Value="預設" />
    <Message Name="Small" Value="小字" />
    <Message Name="Large Font" Value="設定目前程式採用大字體" />
    <Message Name="Medium Font" Value="設定目前程式採用中字體" />
    <Message Name="Default Font" Value="設定目前程式採用預設字體" />
    <Message Name="Small Font" Value="設定目前程式採用小字體" />
    <Message Name="Setting" Value="設定" />
    <Message Name="About" Value="關於" />
    <Message Name="Version" Value="版本" />
    <Message Name="Check AP Server" Value="檢查連線" />
    <Message Name="Account or password Error, please try again" Value="帳號密碼輸入錯誤，請重新輸入" />
    <Message Name="Check AP Server Error, Press Retry or Exit" Value="檢查連線失敗，請重試或離開系統" />
    <Message Name="Independent Window" Value="獨立視窗" />
    <Message Name="Exit" Value="確定要離開?" />
    <Message Name="APServerFail" Value="AP Server錯誤!" />
    <Message Name="PasswordError" Value="密碼錯誤!" />
    <Message Name="PasswordEmpty" Value="未輸入密碼!" />
    <Message Name="NewPasswordError" Value="新密碼與確認密碼不符合!" />
    <Message Name="UserNotFound" Value="查無此使用者!" />
    <Message Name="DatabaseError" Value="資料庫錯誤!" />
    <Message Name="FileNotFound" Value="檔案不存在!" />
    <Message Name="ChangeSucceed" Value="密碼更改成功." />
    <Message Name="DeleteData" Value="確定要刪除資料?" />
    <Message Name="Refresh" Value="重新整理?" />
    <Message Name="Host" Value="主機" />
    <Message Name="Language" Value="語言" />
    <Message Name="Account" Value="帳號" />
    <Message Name="Password" Value="密碼" />
    <Message Name="Close" Value="關閉" />
    <Message Name="Logout?" Value="登出?" />
    <Message Name="Login" Value="登入" />
    <Message Name="&amp;Exit" Value="離開(&amp;X)" />
    <Message Name="&amp;System" Value="系統(&amp;S)" />
    <Message Name="&amp;Login" Value="登入(&amp;L)" />
    <Message Name="Logout" Value="登出" />
    <Message Name="Exit System" Value="離開系統" />
    <Message Name="&amp;Logout" Value="登出(&amp;L)" />
    <Message Name="Change Password" Value="變更密碼" />
    <Message Name="&amp;Change Password" Value="變更密碼(&amp;C)" />
    <Message Name="&amp;Window" Value="視窗(&amp;W)" />
    <Message Name="&amp;Cascade" Value="階梯式並排(&amp;C)" />
    <Message Name="&amp;OK" Value="確定(&amp;O)" />
    <Message Name="Tile &amp;Horizontally" Value="水平並排(&amp;H)" />
    <Message Name="Tile &amp;Vertically" Value="垂直並排(&amp;V)" />
    <Message Name="&amp;Minimize All" Value="全部最小化(&amp;M)" />
    <Message Name="&amp;Show All" Value="全部顯示(&amp;S)" />
    <Message Name="Close &amp;All" Value="全部關閉(&amp;A)" />
    <Message Name="&amp;Help" Value="說明(&amp;H)" />
    <Message Name="&amp;About" Value="關於(&amp;A)" />
    <Message Name="About" Value="關於" />
    <Message Name="&amp;Option" Value="選項(&amp;O)" />
    <Message Name="Hide &amp;Bottom" Value="隱藏底部(&amp;B)" />
    <Message Name="Hide MES &amp;Label" Value="隱藏MES標籤(&amp;L)" />
    <Message Name="Skin" Value="面板" />
    <Message Name="Font:" Value="字型:" />
    <Message Name="Change Font" Value="變更字型" />
    <Message Name="Font" Value="字型" />
    <Message Name="Large Font" Value="大字型" />
    <Message Name="Small Font" Value="小字型" />
    <Message Name="Show &amp;Host" Value="顯示連線主機(&amp;H)" />
    <Message Name="User Name: " Value="使用者: " />
    <Message Name="Version: {0}" Value="版本: {0}" />
    <Message Name="Button" Value="按鈕" />
    <Message Name="Module" Value="模組" />
    <Message Name="Function List" Value="功能列示" />
    <Message Name="Function" Value="功能" />
    <Message Name="Background" Value="背景" />
    <Message Name="Login" Value="登入畫面" />
    <Message Name="Save" Value="儲存" />
    <Message Name="None" Value="不選任何模組" />
    <Message Name="Module Select" Value="模組選取" />
    <Message Name="Load Image" Value="載入底圖" />
    <Message Name="First Module" Value="選取第一個模組" />
    <Message Name="Password Empty!" Value="密碼未填!" />
    <Message Name="NewPasswordEmpty" Value="新密碼未填!" />
    <Message Name="Error" Value="錯誤" />
    <Message Name="Warning" Value="警告" />
    <Message Name="Confirm" Value="確認" />
    <Message Name="Current Password" Value="原密碼" />
    <Message Name="New Password" Value="新密碼" />
    <Message Name="Confirm Password" Value="確認密碼" />
    <Message Name="OK" Value="確定" />
    <Message Name="Cancel" Value="取消" />
    <Message Name="Module Style" Value="模組樣式" />
    <Message Name="General" Value="一般" />
    <Message Name="ComboBox" Value="下拉選單" />
    <Message Name="2xComboBox" Value="二維下拉選單" />
    <Message Name="UserQuit" Value="已離職" />
    <Message Name="UserDisabled" Value="已停用" />
    <Message Name="Loading {0} Error, please Try again!" Value="載入 {0} 時發生錯誤，請再嘗試一次" />
    <Message Name="ReTry" Value="重試" />
    <Message Name="Check Connection by All XML Files for APServer in Host Directory" Value="檢查所有APServer在Host資料夾中的XML檔案" />
    <Message Name="Check [{0}] Download Necessity,g_download={1},NeedFirstDownload={2}" Value="檢查 [{0}] 下載的必要性,g_download={1},NeedFirstDownload={2}" />
    <Message Name="Check [{0}] Dll Files for Download" Value="檢查 [{0}] 需要下載的檔案" />
    <Message Name="Create {0}'s Sub Menu" Value="建立{0}的子目錄選單" />
    <Message Name="Logoff" Value="登出" />
    <Message Name="Back to Menu" Value="返回目錄" />
    <Message Name="Close All" Value="關閉全部" />
    <Message Name="File Name【{0}】and it's {1}Class Name【{2}】{1}is null.{1}Please check the name in brackets." Value="檔案名稱【{0}】以及該 {1}類別名稱【{2}】{1}不存在。{1}請檢核對括弧內名稱。" />
    <Message Name="Error Loading【{0}】" Value="【{0}】 載入錯誤" />
    <Message Name="Components Version - Recommended updates：{0}" Value="元件版本資訊 - 建議更新：{0} 個" />
    <Message Name="Components Version - All components are the latest version." Value="元件版本資訊 - 目前程式及模組均為最新版本" />
    <Message Name="Recommend" Value="建議" />
    <Message Name="Version DB Uncertified" Value="未認證" />
    <Message Name="Detect older systems function modules" Value="偵測到舊版的系統功能模組" />
    <Message Name="Older modules may cause system incompatibilities or unexpected interruption, recommend update the following module list to the latest version." Value="舊版的模組可能會導致系統功能不相容或不正常而導致意外中斷，建議將下列舊版的模組更新後，再繼續使用本系統。" />
    <Message Name="Ignore and continue" Value="忽略並繼續執行系統" />
    <Message Name="The system will automatically start after" Value="系統將於倒數後啟動" />
    <Message Name="Module version database Uncertified" Value="模組版本資料庫尚未認證" />
    <Message Name="Please update the Module Version DB to the latest Version." Value="請更新模組版本資料庫。" />
    <Message Name="Fail" Value="失敗" />
    <Message Name="Empty" Value="資料空白" />
    <Message Name="Success" Value="成功" />
    <Message Name="{1} has a inner name conflict!{0}This error will cause the module can not be closed properly.{0} Database Name　= {4}{0} Type of Name    　= {2}.{3}" Value="{1} 發生內部名稱衝突!{0}此錯誤將導致該模組無法正常關閉.{0} 資料庫名稱 = {2}.{3}{0} 型別名稱     = {4}" />
    <Message Name="Server Dashboard" Value="伺服器儀表板" />
    <Message Name="Download File Error" Value="下載檔案錯誤" />
    <Message Name="Account or password Error, please try again." Value="帳號或密碼錯誤，請重新確認" />
    <Message Name="User Not Exist in MES Account.&#xD;&#xA; Please build it first." Value="使用者帳號不存在於 MES系統中.&#xD;&#xA; 請先建立MES帳號." />
    <Message Name="Account is Disabled." Value="帳號已停用" />
    <Message Name="Select Single Node=[//Culture[@value='ZH-TW']] is NULL." Value="Select Single Node=[//Culture[@value='ZH-TW']] is NULL.-&gt;[未翻譯]" />
    <Message Name="FullScreenCoverage" Value="覆蓋工作列" />
    <Message Name="Maximized" Value="最大化" />
    <Message Name="Normal" Value="往下還原" />
    <Message Name="You got" Value="你有" />
    <Message Name="messages" Value="個訊息" />
    <Message Name="Show the detail Window." Value="Show the detail Window.-&gt;[未翻譯]" />
    <Message Name="Message" Value="Message-&gt;[未翻譯]" />
    <Message Name="New Password not equal to Confirm Password!" Value="新舊密碼不吻合" />
    <Message Name="Password complexity does not match the policy." Value="密碼複雜度與政策不匹配" />
  </繁體中文>
  <简体中文>
    <Message Name="Home" Value="目录" />
    <Message Name="Application is already running" Value="程序已在执行" />
    <Message Name="System closing" Value="确认关闭系统" />
    <Message Name="Confirm close System" Value="确认关闭系统" />
    <Message Name="Opened Apps" Value="已经开启的程序" />
    <Message Name="Show Opened Applications" Value="显示目前已经开启的程序" />
    <Message Name="Close Active Application" Value="关闭目前程序" />
    <Message Name="FontSize" Value="字体大小" />
    <Message Name="Change FontSize" Value="改变目前程序字体大小" />
    <Message Name="L" Value="大" />
    <Message Name="D" Value="预" />
    <Message Name="M" Value="中" />
    <Message Name="S" Value="小" />
    <Message Name="Large" Value="大字" />
    <Message Name="Medium" Value="中字" />
    <Message Name="Default" Value="预设" />
    <Message Name="Small" Value="小字" />
    <Message Name="Large Font" Value="设定目前程序采用大字体" />
    <Message Name="Medium Font" Value="设定目前程序采用中字体" />
    <Message Name="Default Font" Value="设定目前程序采用默认字体" />
    <Message Name="Small Font" Value="设定目前程序采用小字体" />
    <Message Name="Setting" Value="设定" />
    <Message Name="About" Value="关于" />
    <Message Name="Version" Value="版本" />
    <Message Name="Check AP Server" Value="检查联机" />
    <Message Name="Account or password Error, please try again" Value="账号密码输入错误，请重新输入" />
    <Message Name="Check AP Server Error, Press Retry or Exit" Value="检查联机失败，请重试或离开系统" />
    <Message Name="Independent Window" Value="独立窗口" />
    <Message Name="Exit" Value="确定要离开?" />
    <Message Name="APServerFail" Value="AP Server错误!" />
    <Message Name="PasswordError" Value="密码错误!" />
    <Message Name="PasswordEmpty" Value="未输入密码!" />
    <Message Name="NewPasswordError" Value="新密码与确认密码不符合!" />
    <Message Name="UserNotFound" Value="查无此使用者!" />
    <Message Name="DatabaseError" Value="数据库错误!" />
    <Message Name="FileNotFound" Value="档案不存在!" />
    <Message Name="ChangeSucceed" Value="密码更改成功." />
    <Message Name="DeleteData" Value="确定要删除数据?" />
    <Message Name="Refresh" Value="重新整理?" />
    <Message Name="Host" Value="主机" />
    <Message Name="Language" Value="语言" />
    <Message Name="Account" Value="账号" />
    <Message Name="Password" Value="密码" />
    <Message Name="Close" Value="关闭" />
    <Message Name="Logout?" Value="注销?" />
    <Message Name="Login" Value="登入" />
    <Message Name="&amp;Exit" Value="离开(&amp;X)" />
    <Message Name="&amp;System" Value="系统(&amp;S)" />
    <Message Name="&amp;Login" Value="登入(&amp;L)" />
    <Message Name="Logout" Value="注销" />
    <Message Name="Exit System" Value="离开系统" />
    <Message Name="&amp;Logout" Value="注销(&amp;L)" />
    <Message Name="Change Password" Value="变更密码" />
    <Message Name="&amp;Change Password" Value="变更密码(&amp;C)" />
    <Message Name="&amp;Window" Value="窗口(&amp;W)" />
    <Message Name="&amp;Cascade" Value="阶梯式并排(&amp;C)" />
    <Message Name="&amp;OK" Value="确定(&amp;O)" />
    <Message Name="Tile &amp;Horizontally" Value="水平并排(&amp;H)" />
    <Message Name="Tile &amp;Vertically" Value="垂直并排(&amp;V)" />
    <Message Name="&amp;Minimize All" Value="全部最小化(&amp;M)" />
    <Message Name="&amp;Show All" Value="全部显示(&amp;S)" />
    <Message Name="Close &amp;All" Value="全部关闭(&amp;A)" />
    <Message Name="&amp;Help" Value="说明(&amp;H)" />
    <Message Name="&amp;About" Value="关于(&amp;A)" />
    <Message Name="About" Value="关于" />
    <Message Name="&amp;Option" Value="选项(&amp;O)" />
    <Message Name="Hide &amp;Bottom" Value="隐藏底部(&amp;B)" />
    <Message Name="Hide MES &amp;Label" Value="隐藏MES标签(&amp;L)" />
    <Message Name="Skin" Value="面板" />
    <Message Name="Font:" Value="字型:" />
    <Message Name="Change Font" Value="变更字型" />
    <Message Name="Font" Value="字型" />
    <Message Name="Large Font" Value="大字型" />
    <Message Name="Small Font" Value="小字型" />
    <Message Name="Show &amp;Host" Value="显示联机主机(&amp;H)" />
    <Message Name="User Name: " Value="使用者: " />
    <Message Name="Version: {0}" Value="版本: {0}" />
    <Message Name="Button" Value="按钮" />
    <Message Name="Module" Value="模块" />
    <Message Name="Function List" Value="功能列示" />
    <Message Name="Function" Value="功能" />
    <Message Name="Background" Value="背景" />
    <Message Name="Login" Value="登入画面" />
    <Message Name="Save" Value="储存" />
    <Message Name="None" Value="不选任何模块" />
    <Message Name="Module Select" Value="模块选取" />
    <Message Name="Load Image" Value="载入底图" />
    <Message Name="First Module" Value="选取第一个模块" />
    <Message Name="Password Empty!" Value="密码未填!" />
    <Message Name="NewPasswordEmpty" Value="新密码未填!" />
    <Message Name="Error" Value="错误" />
    <Message Name="Warning" Value="警告" />
    <Message Name="Confirm" Value="确认" />
    <Message Name="Current Password" Value="原密码" />
    <Message Name="New Password" Value="新密码" />
    <Message Name="Confirm Password" Value="确认密码" />
    <Message Name="OK" Value="确定" />
    <Message Name="Cancel" Value="取消" />
    <Message Name="Module Style" Value="模块样式" />
    <Message Name="General" Value="一般" />
    <Message Name="ComboBox" Value="下拉选单" />
    <Message Name="2xComboBox" Value="二维下拉选单" />
    <Message Name="UserQuit" Value="已离职" />
    <Message Name="UserDisabled" Value="已停用" />
    <Message Name="Loading {0} Error, please Try again!" Value="加载 {0} 时发生错误，请再尝试一次" />
    <Message Name="ReTry" Value="重试" />
    <Message Name="Check Connection by All XML Files for APServer in Host Directory" Value="检查所有APServer在Host文件夹中的XML档案" />
    <Message Name="Check [{0}] Download Necessity,g_download={1},NeedFirstDownload={2}" Value="检查 [{0}] 下载的必要性,g_download={1},NeedFirstDownload={2}" />
    <Message Name="Check [{0}] Dll Files for Download" Value="检查 [{0}] 需要下载的档案" />
    <Message Name="Create {0}'s Sub Menu" Value="建立{0}的子目录选单" />
    <Message Name="Logoff" Value="注销" />
    <Message Name="Back to Menu" Value="返回目录" />
    <Message Name="Close All" Value="关闭全部" />
    <Message Name="File Name【{0}】and it's {1}Class Name【{2}】{1}is null.{1}Please check the name in brackets." Value="文件名【{0}】以及该 {1}类别名称【{2}】{1}不存在。{1}请检核对括号内名称。" />
    <Message Name="Error Loading【{0}】" Value="【{0}】 加载错误" />
    <Message Name="Components Version - Recommended updates：{0}" Value="组件版本信息 - 建议更新：{0} 个" />
    <Message Name="Components Version - All components are the latest version." Value="组件版本信息 - 目前程序及模块均为最新版本" />
    <Message Name="Recommend" Value="建议" />
    <Message Name="Version DB Uncertified" Value="未认证" />
    <Message Name="Detect older systems function modules" Value="侦测到旧版的系统功能模块" />
    <Message Name="Older modules may cause system incompatibilities or unexpected interruption, recommend update the following module list to the latest version." Value="旧版的模块可能会导致系统功能不兼容或不正常而导致意外中断，建议将下列旧版的模块更新后，再继续使用本系统。" />
    <Message Name="Ignore and continue" Value="忽略并继续执行系统" />
    <Message Name="The system will automatically start after" Value="系统将于倒数后启动" />
    <Message Name="Module version database Uncertified" Value="模块版本数据库尚未认证" />
    <Message Name="Please update the Module Version DB to the latest Version." Value="请更新模块版本数据库。" />
    <Message Name="Fail" Value="失败" />
    <Message Name="Empty" Value="资料空白" />
    <Message Name="Success" Value="成功" />
    <Message Name="{1} has a inner name conflict!{0}This error will cause the module can not be closed properly.{0} Database Name　= {4}{0} Type of Name    　= {2}.{3}" Value="{1} 发生内部名称冲突!{0}此错误将导致该模块无法正常关闭.{0} 数据库名称 = {2}.{3}{0} 型别名称     = {4}" />
    <Message Name="Server Dashboard" Value="服务器仪表板" />
    <Message Name="Download File Error" Value="下载文件错误" />
    <Message Name="Account or password Error, please try again." Value="账号或密码错误，请重新确认" />
    <Message Name="UserNO=[] Not Exist in MES Account. Please build it first." Value="UserNO=[] Not Exist in MES Account. Please build it first.-&gt;[未翻译]" />
    <Message Name="User Not Exist in MES Account.&#xD;&#xA; Please build it first." Value="用户账号不存在于 MES系统中.&#xD;&#xA; 请先建立MES账号." />
    <Message Name="Account is Disabled." Value="账号已停用" />
    <Message Name="FullScreenCoverage" Value="覆蓋工作列" />
    <Message Name="Maximized" Value="最大化" />
    <Message Name="Normal" Value="往下還原" />
  </简体中文>
  <Setting Version="3.4.1903.936" />
</Chroma>